epoch,step,min,max,mean,std
1,10000,-0.018349044024944305,0.02114243432879448,0.00011557312973309308,0.002683882601559162
