epoch,step,min,max,mean,std
1,10000,-0.15789547562599182,0.09301671385765076,-0.002873884281143546,0.03152390941977501
