epoch,step,min,max,mean,std
1,10000,-0.014672713354229927,0.020474310964345932,0.0005602534511126578,0.0053745051845908165
