epoch,step,min,max,mean,std
1,10000,-0.04035027325153351,0.04934972897171974,0.0002985043975058943,0.008445730432868004
