epoch,step,min,max,mean,std
1,10000,-0.03166653588414192,0.024296754971146584,0.0007194714853540063,0.009282728657126427
