epoch,step,min,max,mean,std
1,10000,-0.046970516443252563,0.027327872812747955,-0.005619438830763102,0.026503443717956543
